{"type": "metrics", "dataset": "train", "precision": 0.7245022348638764, "balanced_accuracy": 0.667787428613162, "recall": 0.37735449735449733, "f1_score": 0.4962426941274701}
{"type": "metrics", "dataset": "test", "precision": 0.6764427625354777, "balanced_accuracy": 0.6633891367331155, "recall": 0.3751311647429171, "f1_score": 0.4826189672629092}
{"type": "cm_matrix", "dataset": "train", "true_0": {"predicted_0": 15550, "predicted_1": 678}, "true_1": {"predicted_0": 2942, "predicted_1": 1783}}
{"type": "cm_matrix", "dataset": "test", "true_0": {"predicted_0": 6731, "predicted_1": 342}, "true_1": {"predicted_0": 1191, "predicted_1": 715}}
